Sektor;Jahr;THG_Emissionen_Mio_t_CO2e
ohne LULUCF;1990;1252.3973379769334
mit LULUCF;1990;1288.4246361362373
1 - Energiewirtschaft;1990;474.7722043206269
2 - Industrie;1990;277.7030828141236
3 - Gebäude;1990;210.02731690962818
4 - Verkehr;1990;163.35536656567436
5 - Landwirtschaft;1990;84.98915915719539
6 - Abfallwirtschaft und Sonstiges;1990;41.55020820968495
7 - Landnutzung, Landnutzungsänderung und Forstwirtschaft;1990;36.02729815930377
ohne LULUCF;1991;1206.56746245025
mit LULUCF;1991;1193.7331761686198
1 - Energiewirtschaft;1991;459.94485788760244
2 - Industrie;1991;252.3759643288675
3 - Gebäude;1991;208.43229499818264
4 - Verkehr;1991;166.3032354142671
5 - Landwirtschaft;1991;76.41472291086602
6 - Abfallwirtschaft und Sonstiges;1991;43.09638691046425
7 - Landnutzung, Landnutzungsänderung und Forstwirtschaft;1991;-12.83428628163024
ohne LULUCF;1992;1157.0744128812498
mit LULUCF;1992;1139.554499819048
1 - Energiewirtschaft;1992;435.6750083566215
2 - Industrie;1992;241.06698950376713
3 - Gebäude;1992;190.27747448718816
4 - Verkehr;1992;172.1679309822186
5 - Landwirtschaft;1992;74.196456761875
6 - Abfallwirtschaft und Sonstiges;1992;43.69055278957927
7 - Landnutzung, Landnutzungsänderung und Forstwirtschaft;1992;-17.51991306220174
ohne LULUCF;1993;1147.9173742706491
mit LULUCF;1993;1122.5947565787828
1 - Energiewirtschaft;1993;425.92488838227894
2 - Industrie;1993;231.34568923747653
3 - Gebäude;1993;197.0063312883663
4 - Verkehr;1993;176.49286153080547
5 - Landwirtschaft;1993;73.73700926032616
6 - Abfallwirtschaft und Sonstiges;1993;43.410594571395734
7 - Landnutzung, Landnutzungsänderung und Forstwirtschaft;1993;-25.322617691866327
ohne LULUCF;1994;1129.6463103331375
mit LULUCF;1994;1112.282931273859
1 - Energiewirtschaft;1994;420.01432191734034
2 - Industrie;1994;234.90362143561188
3 - Gebäude;1994;186.22497845574915
4 - Verkehr;1994;172.4632180396347
5 - Landwirtschaft;1994;73.70835255229522
6 - Abfallwirtschaft und Sonstiges;1994;42.33181793250603
7 - Landnutzung, Landnutzungsänderung und Forstwirtschaft;1994;-17.363379059278728
ohne LULUCF;1995;1122.6905807970684
mit LULUCF;1995;1116.100533667623
1 - Energiewirtschaft;1995;406.9359822515648
2 - Industrie;1995;236.78528481656502
3 - Gebäude;1995;187.71141388219434
4 - Verkehr;1995;176.12247581564034
5 - Landwirtschaft;1995;74.07077031260087
6 - Abfallwirtschaft und Sonstiges;1995;41.06465371850302
7 - Landnutzung, Landnutzungsänderung und Forstwirtschaft;1995;-6.590047129445336
ohne LULUCF;1996;1140.0264964040146
mit LULUCF;1996;1132.8349264207336
1 - Energiewirtschaft;1996;412.8720370544798
2 - Industrie;1996;225.57071931643364
3 - Gebäude;1996;210.88496426407156
4 - Verkehr;1996;175.7063771900019
5 - Landwirtschaft;1996;75.7228749192177
6 - Abfallwirtschaft und Sonstiges;1996;39.269523659810076
7 - Landnutzung, Landnutzungsänderung und Forstwirtschaft;1996;-7.191569983280854
ohne LULUCF;1997;1104.2328316643634
mit LULUCF;1997;1095.8212078563583
1 - Energiewirtschaft;1997;391.00900720995315
2 - Industrie;1997;230.1297274488435
3 - Gebäude;1997;197.65454104077065
4 - Verkehr;1997;176.12093224476894
5 - Landwirtschaft;1997;73.35439381803393
6 - Abfallwirtschaft und Sonstiges;1997;35.96422990199309
7 - Landnutzung, Landnutzungsänderung und Forstwirtschaft;1997;-8.411623808005036
ohne LULUCF;1998;1079.1708689804225
mit LULUCF;1998;1064.3637946238816
1 - Energiewirtschaft;1998;390.9594689483187
2 - Industrie;1998;213.14065542267767
3 - Gebäude;1998;189.5109555123064
4 - Verkehr;1998;179.39653155795173
5 - Landwirtschaft;1998;72.72991800248259
6 - Abfallwirtschaft und Sonstiges;1998;33.433339536685175
7 - Landnutzung, Landnutzungsänderung und Forstwirtschaft;1998;-14.807074356540713
ohne LULUCF;1999;1045.1718487015407
mit LULUCF;1999;1034.9221778714739
1 - Energiewirtschaft;1999;379.98786231606846
2 - Industrie;1999;203.03184220372023
3 - Gebäude;1999;172.83156155428856
4 - Verkehr;1999;184.52966147660155
5 - Landwirtschaft;1999;73.34390407395135
6 - Abfallwirtschaft und Sonstiges;1999;31.44701707691074
7 - Landnutzung, Landnutzungsänderung und Forstwirtschaft;1999;-10.249670830066854
ohne LULUCF;2000;1042.3470185475874
mit LULUCF;2000;1047.0354131937597
1 - Energiewirtschaft;2000;390.84367773868405
2 - Industrie;2000;202.59785035506664
3 - Gebäude;2000;166.78955078696234
4 - Verkehr;2000;180.58638104834094
5 - Landwirtschaft;2000;71.95709858608132
6 - Abfallwirtschaft und Sonstiges;2000;29.572460032452174
7 - Landnutzung, Landnutzungsänderung und Forstwirtschaft;2000;4.688394646172272
ohne LULUCF;2001;1056.8314212003486
mit LULUCF;2001;1053.9646491214144
1 - Energiewirtschaft;2001;400.8413158284791
2 - Industrie;2001;191.9757813343426
3 - Gebäude;2001;187.07952935138243
4 - Verkehr;2001;176.69376623778118
5 - Landwirtschaft;2001;72.67220810007073
6 - Abfallwirtschaft und Sonstiges;2001;27.56882034829254
7 - Landnutzung, Landnutzungsänderung und Forstwirtschaft;2001;-2.8667720789340674
ohne LULUCF;2002;1035.1567728908321
mit LULUCF;2002;1062.4575112975695
1 - Energiewirtschaft;2002;400.9563925813147
2 - Industrie;2002;189.76124792463227
3 - Gebäude;2002;174.08090022703956
4 - Verkehr;2002;174.183316555429
5 - Landwirtschaft;2002;70.32687522255833
6 - Abfallwirtschaft und Sonstiges;2002;25.848040379858077
7 - Landnutzung, Landnutzungsänderung und Forstwirtschaft;2002;27.300738406737278
ohne LULUCF;2003;1026.7137061552337
mit LULUCF;2003;1064.0355958260423
1 - Energiewirtschaft;2003;416.99850586833435
2 - Industrie;2003;189.09781904205934
3 - Gebäude;2003;161.40351842421612
4 - Verkehr;2003;165.21587860522547
5 - Landwirtschaft;2003;69.9357151780596
6 - Abfallwirtschaft und Sonstiges;2003;24.062269037338847
7 - Landnutzung, Landnutzungsänderung und Forstwirtschaft;2003;37.32188967080852
ohne LULUCF;2004;1003.3057335300521
mit LULUCF;2004;1028.5759531033457
1 - Energiewirtschaft;2004;411.60083483799747
2 - Industrie;2004;189.12105735574218
3 - Gebäude;2004;153.22395620302893
4 - Verkehr;2004;159.62934165772
5 - Landwirtschaft;2004;68.24132594025001
6 - Abfallwirtschaft und Sonstiges;2004;21.489217535313593
7 - Landnutzung, Landnutzungsänderung und Forstwirtschaft;2004;25.27021957329342
ohne LULUCF;2005;989.7442191011047
mit LULUCF;2005;1011.0614634722479
1 - Energiewirtschaft;2005;402.60094170216644
2 - Industrie;2005;186.38010528444084
3 - Gebäude;2005;157.33087762895428
4 - Verkehr;2005;155.55923573389376
5 - Landwirtschaft;2005;68.04240041269779
6 - Abfallwirtschaft und Sonstiges;2005;19.830658338951437
7 - Landnutzung, Landnutzungsänderung und Forstwirtschaft;2005;21.317244371143182
ohne LULUCF;2006;1003.2674299326952
mit LULUCF;2006;1015.1960262593783
1 - Energiewirtschaft;2006;403.12692360359995
2 - Industrie;2006;190.92928168808112
3 - Gebäude;2006;163.7482479631976
4 - Verkehr;2006;160.27751039308768
5 - Landwirtschaft;2006;67.42715546371737
6 - Abfallwirtschaft und Sonstiges;2006;17.758310821011335
7 - Landnutzung, Landnutzungsänderung und Forstwirtschaft;2006;11.928596326683035
ohne LULUCF;2007;962.9859366047335
mit LULUCF;2007;966.658145824381
1 - Energiewirtschaft;2007;406.0349079138669
2 - Industrie;2007;199.08093744502912
3 - Gebäude;2007;122.05723154044206
4 - Verkehr;2007;152.43839757481345
5 - Landwirtschaft;2007;67.13770303966044
6 - Abfallwirtschaft und Sonstiges;2007;16.236759090921446
7 - Landnutzung, Landnutzungsänderung und Forstwirtschaft;2007;3.6722092196474785
ohne LULUCF;2008;971.035794285957
mit LULUCF;2008;968.1752031191871
1 - Energiewirtschaft;2008;388.0123181776012
2 - Industrie;2008;195.58361002161675
3 - Gebäude;2008;147.25169074958632
4 - Verkehr;2008;157.362104740904
5 - Landwirtschaft;2008;67.98680041393457
6 - Abfallwirtschaft und Sonstiges;2008;14.839270182314303
7 - Landnutzung, Landnutzungsänderung und Forstwirtschaft;2008;-2.86059116676989
ohne LULUCF;2009;902.2615545622317
mit LULUCF;2009;902.5339482572708
1 - Energiewirtschaft;2009;361.9139166962154
2 - Industrie;2009;169.9450876249542
3 - Gebäude;2009;137.174290129832
4 - Verkehr;2009;151.98056305632267
5 - Landwirtschaft;2009;67.80220895914665
6 - Abfallwirtschaft und Sonstiges;2009;13.445488095760965
7 - Landnutzung, Landnutzungsänderung und Forstwirtschaft;2009;0.2723936950390953
ohne LULUCF;2010;930.249826224669
mit LULUCF;2010;935.5547496845243
1 - Energiewirtschaft;2010;372.63707419132606
2 - Industrie;2010;184.05948457331422
3 - Gebäude;2010;142.93341752797332
4 - Verkehr;2010;150.4481655550782
5 - Landwirtschaft;2010;67.9797325726801
6 - Abfallwirtschaft und Sonstiges;2010;12.191951804297188
7 - Landnutzung, Landnutzungsänderung und Forstwirtschaft;2010;5.304923459855305
ohne LULUCF;2011;906.7351601484697
mit LULUCF;2011;905.5190585435759
1 - Energiewirtschaft;2011;367.709702457737
2 - Industrie;2011;182.1959499490874
3 - Gebäude;2011;124.65741541667212
4 - Verkehr;2011;152.30492939454015
5 - Landwirtschaft;2011;68.55785111347257
6 - Abfallwirtschaft und Sonstiges;2011;11.309311816960442
7 - Landnutzung, Landnutzungsänderung und Forstwirtschaft;2011;-1.2161016048939546
ohne LULUCF;2012;916.9971852129394
mit LULUCF;2012;919.0719922785981
1 - Energiewirtschaft;2012;379.34788118184304
2 - Industrie;2012;177.38101732424116
3 - Gebäude;2012;130.3690462232155
4 - Verkehr;2012;150.6414789837765
5 - Landwirtschaft;2012;68.7743081582498
6 - Abfallwirtschaft und Sonstiges;2012;10.4834533416133
7 - Landnutzung, Landnutzungsänderung und Forstwirtschaft;2012;2.074807065658726
ohne LULUCF;2013;933.9859320166089
mit LULUCF;2013;933.525594353346
1 - Energiewirtschaft;2013;383.70231874884473
2 - Industrie;2013;177.04641104837395
3 - Gebäude;2013;139.10951038067077
4 - Verkehr;2013;154.68203767280488
5 - Landwirtschaft;2013;69.75792338634076
6 - Abfallwirtschaft und Sonstiges;2013;9.687730779573737
7 - Landnutzung, Landnutzungsänderung und Forstwirtschaft;2013;-0.4603376632628354
ohne LULUCF;2014;893.5494864629342
mit LULUCF;2014;903.6964779909323
1 - Energiewirtschaft;2014;362.725928282155
2 - Industrie;2014;176.28929367334746
3 - Gebäude;2014;120.28892829877765
4 - Verkehr;2014;153.85280678059556
5 - Landwirtschaft;2014;71.3302059422006
6 - Abfallwirtschaft und Sonstiges;2014;9.062323485857943
7 - Landnutzung, Landnutzungsänderung und Forstwirtschaft;2014;10.146991527998154
ohne LULUCF;2015;901.8259981888657
mit LULUCF;2015;907.5574346891024
1 - Energiewirtschaft;2015;351.32140085469337
2 - Industrie;2015;183.01875305607606
3 - Gebäude;2015;126.23930646152454
4 - Verkehr;2015;161.68112466493332
5 - Landwirtschaft;2015;71.12193672324786
6 - Abfallwirtschaft und Sonstiges;2015;8.443476428390623
7 - Landnutzung, Landnutzungsänderung und Forstwirtschaft;2015;5.731436500236682
ohne LULUCF;2016;897.2872266037501
mit LULUCF;2016;906.1637739488019
1 - Energiewirtschaft;2016;346.328717613899
2 - Industrie;2016;186.83780660551463
3 - Gebäude;2016;121.50468550106342
4 - Verkehr;2016;163.8038220243712
5 - Landwirtschaft;2016;70.90781905102143
6 - Abfallwirtschaft und Sonstiges;2016;7.904375807880371
7 - Landnutzung, Landnutzungsänderung und Forstwirtschaft;2016;8.876547345051792
ohne LULUCF;2017;882.2320536727894
mit LULUCF;2017;886.2190109114056
1 - Energiewirtschaft;2017;326.50069104369044
2 - Industrie;2017;192.58411720378123
3 - Gebäude;2017;121.12996153484768
4 - Verkehr;2017;165.17642155141422
5 - Landwirtschaft;2017;69.31503529169228
6 - Abfallwirtschaft und Sonstiges;2017;7.525827047363648
7 - Landnutzung, Landnutzungsänderung und Forstwirtschaft;2017;3.986957238616068
ohne LULUCF;2018;852.8583418921161
mit LULUCF;2018;936.0553785192341
1 - Energiewirtschaft;2018;310.8510664619198
2 - Industrie;2018;184.9660595065645
3 - Gebäude;2018;116.10950283078863
4 - Verkehr;2018;165.38061576785373
5 - Landwirtschaft;2018;68.41982206431136
6 - Abfallwirtschaft und Sonstiges;2018;7.13127526067816
7 - Landnutzung, Landnutzungsänderung und Forstwirtschaft;2018;83.19703662711791
ohne LULUCF;2019;798.048051346715
mit LULUCF;2019;870.1690763845302
1 - Energiewirtschaft;2019;258.28302963996083
2 - Industrie;2019;179.31832500051271
3 - Gebäude;2019;122.2961261778985
4 - Verkehr;2019;164.323970069954
5 - Landwirtschaft;2019;67.22027679280521
6 - Abfallwirtschaft und Sonstiges;2019;6.606323665584022
7 - Landnutzung, Landnutzungsänderung und Forstwirtschaft;2019;72.12102503781506
ohne LULUCF;2020;732.9933417312751
mit LULUCF;2020;809.6491542950972
1 - Energiewirtschaft;2020;219.03765428068593
2 - Industrie;2020;172.5772476282672
3 - Gebäude;2020;122.49711358722101
4 - Verkehr;2020;146.3857426834981
5 - Landwirtschaft;2020;66.37414011194272
6 - Abfallwirtschaft und Sonstiges;2020;6.121443439660008
7 - Landnutzung, Landnutzungsänderung und Forstwirtschaft;2020;76.65581256382211
ohne LULUCF;2021;761.4267549807998
mit LULUCF;2021;824.5139856265324
1 - Energiewirtschaft;2021;246.421430453738
2 - Industrie;2021;180.29299681195212
3 - Gebäude;2021;119.28678221917644
4 - Verkehr;2021;144.5990299664432
5 - Landwirtschaft;2021;64.91107948409106
6 - Abfallwirtschaft und Sonstiges;2021;5.9154360453990105
7 - Landnutzung, Landnutzungsänderung und Forstwirtschaft;2021;63.08723064573266
ohne LULUCF;2022;748.792713413777
mit LULUCF;2022;824.3961794665985
1 - Energiewirtschaft;2022;256.67041825982216
2 - Industrie;2022;164.3651491960417
3 - Gebäude;2022;110.51463428514957
4 - Verkehr;2022;147.6908753834946
5 - Landwirtschaft;2022;63.90202238087897
6 - Abfallwirtschaft und Sonstiges;2022;5.649613908390043
7 - Landnutzung, Landnutzungsänderung und Forstwirtschaft;2022;75.60346605282142
ohne LULUCF;2023;672.0203245275942
mit LULUCF;2023;740.6731284258906
1 - Energiewirtschaft;2023;202.58241705156237
2 - Industrie;2023;152.92373867221883
3 - Gebäude;2023;102.93300019870455
4 - Verkehr;2023;145.13115862852723
5 - Landwirtschaft;2023;62.95998668869821
6 - Abfallwirtschaft und Sonstiges;2023;5.490023287883019
7 - Landnutzung, Landnutzungsänderung und Forstwirtschaft;2023;68.65280389829648
ohne LULUCF;2024;649.0586592924459
mit LULUCF;2024;700.3473566882292
1 - Energiewirtschaft;2024;184.9938863425828
2 - Industrie;2024;153.00727310826122
3 - Gebäude;2024;100.5362340247776
4 - Verkehr;2024;143.0547682481537
5 - Landwirtschaft;2024;62.11099362327177
6 - Abfallwirtschaft und Sonstiges;2024;5.355503945398727
7 - Landnutzung, Landnutzungsänderung und Forstwirtschaft;2024;51.28869739578321
